{
  "variants": {
    "full_model": {
      "auroc": 0.853510754818112,
      "auprc": 0.4772214912209196,
      "sensitivity": 0.5060240963855421,
      "positive_predictivity": 0.5,
      "score1": 0.5,
      "score1_threshold": 0.6479703187942505,
      "hosmer_lemeshow_h": 257.3040384334671,
      "test_size": 600,
      "true_positives": 42,
      "false_positives": 42,
      "true_negatives": 475,
      "false_negatives": 41
    },
    "no_time_pe": {
      "auroc": 0.8593600708443057,
      "auprc": 0.5075641693015139,
      "sensitivity": 0.5301204819277109,
      "positive_predictivity": 0.5301204819277109,
      "score1": 0.5301204819277109,
      "score1_threshold": 0.6385225653648376,
      "hosmer_lemeshow_h": 249.8170361895004,
      "test_size": 600,
      "true_positives": 44,
      "false_positives": 39,
      "true_negatives": 478,
      "false_negatives": 39
    },
    "no_missingness": {
      "auroc": 0.8240078301600988,
      "auprc": 0.4576442786347678,
      "sensitivity": 0.43373493975903615,
      "positive_predictivity": 0.43373493975903615,
      "score1": 0.43373493975903615,
      "score1_threshold": 0.5897060632705688,
      "hosmer_lemeshow_h": 114.68349254307317,
      "test_size": 600,
      "true_positives": 36,
      "false_positives": 47,
      "true_negatives": 470,
      "false_negatives": 47
    },
    "no_focal_loss": {
      "auroc": 0.8436764465987742,
      "auprc": 0.4711635993867727,
      "sensitivity": 0.5180722891566265,
      "positive_predictivity": 0.5180722891566265,
      "score1": 0.5180722891566265,
      "score1_threshold": 0.40766146779060364,
      "hosmer_lemeshow_h": 26.308693462297036,
      "test_size": 600,
      "true_positives": 43,
      "false_positives": 40,
      "true_negatives": 477,
      "false_negatives": 40
    }
  },
  "delta_vs_full_model": {
    "no_time_pe": {
      "auroc": 0.0058,
      "auprc": 0.0303,
      "score1": 0.0301,
      "hosmer_lemeshow_h": -7.487
    },
    "no_missingness": {
      "auroc": -0.0295,
      "auprc": -0.0196,
      "score1": -0.0663,
      "hosmer_lemeshow_h": -142.6205
    },
    "no_focal_loss": {
      "auroc": -0.0098,
      "auprc": -0.0061,
      "score1": 0.0181,
      "hosmer_lemeshow_h": -230.9953
    }
  },
  "seed": 42,
  "notes": "All variants trained with identical hyperparameters (lr=3e-4, wd=5e-4, batch=64, patience=25, max_grad_norm=1.0, seed=42). Early stopping on val AUPRC."
}