{
  "metrics": {
    "auroc": 0.81909067605043,
    "auprc": 0.42498169886473486,
    "sensitivity": 0.4457831325301205,
    "positive_predictivity": 0.42528735632183906,
    "score1": 0.42528735632183906,
    "score1_threshold": 0.6817827224731445,
    "hosmer_lemeshow_h": 208.19293212890625,
    "test_size": 600,
    "true_positives": 37,
    "false_positives": 50,
    "true_negatives": 467,
    "false_negatives": 46
  },
  "training": {
    "best_epoch": 20,
    "best_val_auprc": 0.3783693687897165,
    "total_epochs": 45
  },
  "model_info": {
    "model_type": "TCN",
    "n_input_channels": 74,
    "input_layout": "37 normalised values + 37 missingness flags",
    "n_filters": 64,
    "kernel_size": 3,
    "dilations": [
      1,
      2,
      4,
      8
    ],
    "dropout": 0.2,
    "n_params": 58753,
    "receptive_field_hours": 31,
    "focal_loss": {
      "alpha": 0.8614285737276077,
      "gamma": 2.0
    }
  },
  "hyperparams": {
    "batch_size": 64,
    "lr": 0.0003,
    "weight_decay": 0.0005,
    "n_epochs": 100,
    "patience": 25,
    "max_grad_norm": 1.0
  }
}